{"text": " Okay, I'm just going to send you a voice note because it's easier, but um, what was I going to say? Um, no, so honestly, I was just like really like, actually.", "segments": [{"id": 0, "seek": 0, "start": 0.0, "end": 7.0, "text": " Okay, I'm just going to send you a voice note because it's easier, but um, what was I going to say?", "tokens": [50364, 1033, 11, 286, 478, 445, 516, 281, 2845, 291, 257, 3177, 3637, 570, 309, 311, 3571, 11, 457, 1105, 11, 437, 390, 286, 516, 281, 584, 30, 50714], "temperature": 0.0, "avg_logprob": -0.43574686845143634, "compression_ratio": 1.3032786885245902, "no_speech_prob": 0.04059148207306862}, {"id": 1, "seek": 0, "start": 7.0, "end": 15.0, "text": " Um, no, so honestly, I was just like really like, actually.", "tokens": [50714, 3301, 11, 572, 11, 370, 6095, 11, 286, 390, 445, 411, 534, 411, 11, 767, 13, 51114], "temperature": 0.0, "avg_logprob": -0.43574686845143634, "compression_ratio": 1.3032786885245902, "no_speech_prob": 0.04059148207306862}], "language": "en"}